{
 "经营情况": {
  "MAR'18": {
   "Act 当月": 160.03753999999998,
   "Budget 预算": 209.43752,
   "Completion Rate预算完成率": 0.7641302284328041
  },
  "APR'18": {
   "Act 当月": 173.102372,
   "Budget 预算": 195.17908,
   "Completion Rate预算完成率": 0.886889988414742
  },
  "MAY'18": {
   "Act 当月": 146.548703,
   "Budget 预算": 213.8416,
   "Completion Rate预算完成率": 0.6853142840307965
  },
  "JUN'18": {
   "Act 当月": 204.063773,
   "Budget 预算": 269.23002,
   "Completion Rate预算完成率": 0.7579532661328033
  },
  "JUL'18": {
   "Act 当月": 148.196473,
   "Budget 预算": 232.99151,
   "Completion Rate预算完成率": 0.6360595413970234
  },
  "AUG'18": {
   "Act 当月": 159.94488,
   "Budget 预算": 239.85266000000001,
   "Completion Rate预算完成率": 0.6668463881117683
  },
  "SEP'18": {
   "Act 当月": 152.917211,
   "Budget 预算": 250.2922,
   "Completion Rate预算完成率": 0.6109547600764227
  },
  "OCT'18": {
   "Act 当月": 144.493129,
   "Budget 预算": 252.1122,
   "Completion Rate预算完成率": 0.5731302531174612
  },
  "NOV'18": {
   "Act 当月": 185.378971,
   "Budget 预算": 278.22995,
   "Completion Rate预算完成率": 0.6662797121589535
  },
  "DEC'18": {
   "Act 当月": 177.013832,
   "Budget 预算": 273.9623,
   "Completion Rate预算完成率": 0.6461247843225144
  },
  "JAN'19": {
   "Act 当月": 136.87884,
   "Budget 预算": 193.0400362768,
   "Completion Rate预算完成率": 0.7090696968359946
  },
  "FEB'19": {
   "Act 当月": 113.8633,
   "Budget 预算": 104.1976,
   "Completion Rate预算完成率": 1.0927631730481318
  },
  "MAR'19": {
   "Act 当月": 138.4076,
   "Budget 预算": 169.5,
   "Completion Rate预算完成率": 0.8165640117994101
  }
 },
 "开房情况": {
  "JAN'17": {
   "实际开房数Actual": 1872.5,
   "预算开房数Budget": 2640,
   "Completion Rate预算完成率": 0.709280303030303
  },
  "FEB'17": {
   "实际开房数Actual": 2337.0,
   "预算开房数Budget": 3880,
   "Completion Rate预算完成率": 0.602319587628866
  },
  "MAR'17": {
   "实际开房数Actual": 3029.0,
   "预算开房数Budget": 5510,
   "Completion Rate预算完成率": 0.5497277676950998
  },
  "APR'17": {
   "实际开房数Actual": 2103.5,
   "预算开房数Budget": 5800,
   "Completion Rate预算完成率": 0.36267241379310344
  },
  "MAY'17": {
   "实际开房数Actual": 1813.5,
   "预算开房数Budget": 6930,
   "Completion Rate预算完成率": 0.2616883116883117
  },
  "JUN'17": {
   "实际开房数Actual": 3493.0,
   "预算开房数Budget": 6695,
   "Completion Rate预算完成率": 0.5217326362957431
  },
  "JUL'17": {
   "实际开房数Actual": 3542.5,
   "预算开房数Budget": 7450,
   "Completion Rate预算完成率": 0.475503355704698
  },
  "AUG'17": {
   "实际开房数Actual": 4424.5,
   "预算开房数Budget": 7500,
   "Completion Rate预算完成率": 0.5899333333333333
  },
  "SEP'17": {
   "实际开房数Actual": 4135.5,
   "预算开房数Budget": 6805,
   "Completion Rate预算完成率": 0.6077149155033064
  },
  "OCT'17": {
   "实际开房数Actual": 3772.5,
   "预算开房数Budget": 7550,
   "Completion Rate预算完成率": 0.4996688741721854
  },
  "NOV'17": {
   "实际开房数Actual": 3943.0,
   "预算开房数Budget": 7175,
   "Completion Rate预算完成率": 0.5495470383275262
  },
  "DEC'17": {
   "实际开房数Actual": 5358.5,
   "预算开房数Budget": 6690,
   "Completion Rate预算完成率": 0.8009715994020927
  },
  "JAN'18": {
   "实际开房数Actual": 5085.0,
   "预算开房数Budget": 7500,
   "Completion Rate预算完成率": 0.678
  },
  "FEB'18": {
   "实际开房数Actual": 3354.5,
   "预算开房数Budget": 3930,
   "Completion Rate预算完成率": 0.8535623409669211
  },
  "MAR'18": {
   "实际开房数Actual": 4230.5,
   "预算开房数Budget": 5720,
   "Completion Rate预算完成率": 0.7395979020979021
  },
  "APR'18": {
   "实际开房数Actual": 5062.0,
   "预算开房数Budget": 5180,
   "Completion Rate预算完成率": 0.9772200772200772
  },
  "MAY'18": {
   "实际开房数Actual": 4376.5,
   "预算开房数Budget": 5550,
   "Completion Rate预算完成率": 0.7885585585585586
  },
  "JUN'18": {
   "实际开房数Actual": 5028.5,
   "预算开房数Budget": 7015,
   "Completion Rate预算完成率": 0.7168210976478974
  },
  "JUL'18": {
   "实际开房数Actual": 4927.0,
   "预算开房数Budget": 6330,
   "Completion Rate预算完成率": 0.7783570300157978
  },
  "AUG'18": {
   "实际开房数Actual": 5275.5,
   "预算开房数Budget": 6320,
   "Completion Rate预算完成率": 0.8347310126582278
  },
  "SEP'18": {
   "实际开房数Actual": 4540.0,
   "预算开房数Budget": 6500,
   "Completion Rate预算完成率": 0.6984615384615385
  },
  "OCT'18": {
   "实际开房数Actual": 4572.5,
   "预算开房数Budget": 6500,
   "Completion Rate预算完成率": 0.7034615384615385
  },
  "NOV'18": {
   "实际开房数Actual": 4779.5,
   "预算开房数Budget": 6930,
   "Completion Rate预算完成率": 0.6896825396825397
  },
  "DEC'18": {
   "实际开房数Actual": 5527.0,
   "预算开房数Budget": 7300,
   "Completion Rate预算完成率": 0.7571232876712328
  },
  "JAN'19": {
   "实际开房数Actual": 3994.5,
   "预算开房数Budget": 5582,
   "Completion Rate预算完成率": 0.7156037262629882
  },
  "FEB'19": {
   "实际开房数Actual": 4025.0,
   "预算开房数Budget": 4110,
   "Completion Rate预算完成率": 0.9793187347931873
  },
  "MAR'19": {
   "实际开房数Actual": 4111.5,
   "预算开房数Budget": 5670,
   "Completion Rate预算完成率": 0.7251322751322752
  }
 },
 "住客类型": {
  "January": {
   "total": 2850,
   "自由散客 ": 0.03508771929824561,
   "网络散客 ": 0.07017543859649122,
   "协议散客 ": 0.10526315789473684,
   "旅行社 ": 0.14035087719298245,
   "会议团": 0.17543859649122806,
   "集团签单 ": 0.21052631578947367,
   "长住客 ": 0.017543859649122806,
   "自用房 ": 0.24561403508771928
  },
  "February": {
   "total": 3580,
   "自由散客 ": 0.030726256983240222,
   "网络散客 ": 0.0335195530726257,
   "协议散客 ": 0.061452513966480445,
   "旅行社 ": 0.08463687150837988,
   "会议团": 0.056424581005586595,
   "集团签单 ": 0.5586592178770949,
   "长住客 ": 0.006983240223463687,
   "自用房 ": 0.16759776536312848
  },
  "March": {
   "total": 2460,
   "自由散客 ": 0.12195121951219512,
   "网络散客 ": 0.16260162601626016,
   "协议散客 ": 0.04065040650406504,
   "旅行社 ": 0.08130081300813008,
   "会议团": 0.12195121951219512,
   "集团签单 ": 0.4065040650406504,
   "长住客 ": 0.0,
   "自用房 ": 0.06504065040650407
  },
  "YTD": {
   "total": 8890.0,
   "自由散客 ": 0.05736782902137233,
   "网络散客 ": 0.08098987626546682,
   "协议散客 ": 0.06974128233970754,
   "旅行社 ": 0.1015748031496063,
   "会议团": 0.11271091113610798,
   "集团签单 ": 0.4049493813273341,
   "长住客 ": 0.00843644544431946,
   "自用房 ": 0.16422947131608548
  }
 },
 "能耗统计": {
  "Act": {
   "WATER": {
    "1月": {
     "合计": 47046.629,
     "管家部HSKP": 46960.829,
     "餐饮部F&B": 85.8
    },
    "2月": {
     "合计": 30000,
     "管家部HSKP": 28000,
     "餐饮部F&B": 2000
    },
    "3月": {
     "合计": 30000,
     "管家部HSKP": 28000,
     "餐饮部F&B": 2000
    },
    "YTD": {
     "合计": 107046.629,
     "管家部HSKP": 102960.829,
     "餐饮部F&B": 4085.8
    }
   },
   "electricity": {
    "1月": {
     "合计": 200000.0,
     "管家部HSKP": 100000.0,
     "餐饮部F&B": 60000.0,
     "工程部ENG": 10000.0,
     "保安部SEC": 10000.0,
     "前厅部FO": 20000.0
    },
    "2月": {
     "合计": 162000,
     "管家部HSKP": 99500,
     "餐饮部F&B": 30000,
     "工程部ENG": 7500,
     "保安部SEC": 4000,
     "前厅部FO": 21000
    },
    "3月": {
     "合计": 171000,
     "管家部HSKP": 103000,
     "餐饮部F&B": 32500,
     "工程部ENG": 8000,
     "保安部SEC": 4500,
     "前厅部FO": 23000
    },
    "YTD": {
     "合计": 533000.0,
     "管家部HSKP": 302500.0,
     "餐饮部F&B": 122500.0,
     "工程部ENG": 25500.0,
     "保安部SEC": 18500.0,
     "前厅部FO": 64000.0
    }
   },
   "GAS ": {
    "1月": {
     "合计": 285.85,
     "酒店": 285.85
    },
    "2月": {
     "合计": 10000,
     "酒店": 10000
    },
    "3月": {
     "合计": 10000,
     "酒店": 10000
    },
    "YTD": {
     "合计": 20285.85,
     "酒店": 20285.85
    }
   }
  },
  "Budget": {
   "WATER": {
    "1月": {
     "合计": 47046.629,
     "管家部HSKP": 46960.829,
     "餐饮部F&B": 85.8
    },
    "2月": {
     "合计": 30000,
     "管家部HSKP": 28000,
     "餐饮部F&B": 2000
    },
    "3月": {
     "合计": 30000,
     "管家部HSKP": 28000,
     "餐饮部F&B": 2000
    },
    "YTD": {
     "合计": 107046.629,
     "管家部HSKP": 102960.829,
     "餐饮部F&B": 4085.8
    }
   },
   "electricity": {
    "1月": {
     "合计": 300000.0,
     "管家部HSKP": 200000.0,
     "餐饮部F&B": 60000.0,
     "工程部ENG": 10000.0,
     "保安部SEC": 10000.0,
     "前厅部FO": 20000.0
    },
    "2月": {
     "合计": 162000,
     "管家部HSKP": 99500,
     "餐饮部F&B": 30000,
     "工程部ENG": 7500,
     "保安部SEC": 4000,
     "前厅部FO": 21000
    },
    "3月": {
     "合计": 171000,
     "管家部HSKP": 103000,
     "餐饮部F&B": 32500,
     "工程部ENG": 8000,
     "保安部SEC": 4500,
     "前厅部FO": 23000
    },
    "YTD": {
     "合计": 633000.0,
     "管家部HSKP": 402500.0,